<?xml version="1.0" encoding="UTF-8"?>

<ThingDefs>

	<!-- Laser Pistol -->
		
	<ThingDef ParentName="BaseBullet">
		<defName>Bullet_ChargeRifle</defName>
		<label>charge shot</label>
		<graphicData>
			<texPath>Things/Projectile/Charge_Small</texPath>
			<graphicClass>Graphic_Single</graphicClass>
		</graphicData>
		<projectile>
			<damageDef>Bullet</damageDef>
			<damageAmountBase>7</damageAmountBase>
			<speed>70</speed>
		</projectile>
	</ThingDef>
	<ThingDef ParentName="BaseHumanMakeableGun">
		<defName>Gun_LaserPistol</defName>
		<label>laser pistol</label>
		<description>Light amplified by the stimulated emission of radiation in two-shot pistol form!</description>
		<graphicData>
			<texPath>Things/Weapon/LaserPistol</texPath>
			<graphicClass>Graphic_Single</graphicClass>
		</graphicData>
		<soundInteract>InteractChargeRifle</soundInteract>
		<statBases>
			<WorkToMake>32000</WorkToMake>
			<Mass>1.8</Mass>
			<AccuracyTouch>0.85</AccuracyTouch>
			<AccuracyShort>0.72</AccuracyShort>
			<AccuracyMedium>0.58</AccuracyMedium>
			<AccuracyLong>0.26</AccuracyLong>
			<RangedWeapon_Cooldown>1.38</RangedWeapon_Cooldown>
		</statBases>
		<recipeMaker>
			<researchPrerequisite>ChargedShot</researchPrerequisite>
		</recipeMaker>
		<costList>
			<Steel>10</Steel>
			<Plasteel>20</Plasteel>
			<Component>3</Component>
		</costList>
		<generateCommonality>0.20</generateCommonality>
		<techLevel>Spacer</techLevel>
		<weaponTags>
			<li>AdvancedGun</li>
		</weaponTags>
		<verbs>
			<li>
				<verbClass>Verb_Shoot</verbClass>
				<hasStandardCommand>true</hasStandardCommand>
				<projectileDef>Bullet_ChargeRifle</projectileDef>
				<warmupTime>0.6</warmupTime>
				<range>28</range>
				<ticksBetweenBurstShots>12</ticksBetweenBurstShots>
				<burstShotCount>2</burstShotCount>
				<soundCast>ShotChargeRifle</soundCast>
				<soundCastTail>GunTail_Medium</soundCastTail>
				<muzzleFlashScale>12</muzzleFlashScale>
			</li>
		</verbs>
	</ThingDef>
	
	<!-- Laser Shotgun -->
	
	<ThingDef ParentName="BaseBullet">
    <defName>Bullet_ChargeRifle</defName>
    <label>charge shot</label>
    <graphicData>
      <texPath>Things/Projectile/Charge_Small</texPath>
      <graphicClass>Graphic_Single</graphicClass>
    </graphicData>
    <projectile>
      <damageDef>Bullet</damageDef>
      <damageAmountBase>24</damageAmountBase>
      <speed>60</speed>
    </projectile>
  </ThingDef>
  <ThingDef ParentName="BaseHumanMakeableGun">
    <defName>Gun_PumpShotgun</defName>
    <label>pump shotgun</label>
    <description>The ancient design required laser amplification to improve it. Your enemies become slightly more spread out with each use.</description>
    <graphicData>
      <texPath>Things/Weapon/LaserShotgun</texPath>
      <graphicClass>Graphic_Single</graphicClass>
    </graphicData>
    <soundInteract>InteractShotgun</soundInteract>
    <statBases>
      <WorkToMake>48000</WorkToMake>
      <Mass>3.6</Mass>
      <AccuracyTouch>0.90</AccuracyTouch>
      <AccuracyShort>0.87</AccuracyShort>
      <AccuracyMedium>0.75</AccuracyMedium>
      <AccuracyLong>0.56</AccuracyLong>
      <RangedWeapon_Cooldown>1.26</RangedWeapon_Cooldown>
    </statBases>
	<recipeMaker>
		<researchPrerequisite>ChargedShot</researchPrerequisite>
	</recipeMaker>
    <costList>
      <Steel>60</Steel>
	  <Plasteel>40</Plasteel>
      <Component>6</Component>
    </costList>
	<generateCommonality>0.16</generateCommonality>
    <verbs>
      <li>
        <verbClass>Verb_Shoot</verbClass>
        <hasStandardCommand>true</hasStandardCommand>
        <projectileDef>Bullet_PumpShotgun</projectileDef>
        <warmupTime>0.9</warmupTime>
        <range>24</range>
        <soundCast>ShotShotgun</soundCast>
        <soundCastTail>GunTail_Heavy</soundCastTail>
        <muzzleFlashScale>9</muzzleFlashScale>
      </li>
    </verbs>
	<weaponTags>
			<li>EliteGun</li>
			<li>AdvancedGun</li>
		</weaponTags>
  </ThingDef>
	
	<!-- Laser LMG -->
	
	<ThingDef ParentName="BaseBullet">
		<defName>Laser_LMG</defName>
		<label>LMG Laser</label>
		<graphicData>
			<texPath>Things/Projectile/Charge_Small</texPath>
			<graphicClass>Graphic_Single</graphicClass>
		</graphicData>
		<projectile>
			<damageDef>Bullet</damageDef>
			<damageAmountBase>6</damageAmountBase>
			<speed>50</speed>
		</projectile>
	</ThingDef>
	<ThingDef ParentName="BaseHumanMakeableGun">
		<defName>Gun_LaserLMG</defName>
		<label>Laser LMG</label>
		<description>An uncommcon bullpup "laser machine gun".  The designer didnt like the additional L. </description>
		<graphicData>
			<texPath>Things/Weapon/LaserLMG</texPath>
			<graphicClass>Graphic_Single</graphicClass>
		</graphicData>
		<soundInteract>InteractRifle</soundInteract>
		<statBases>
			<WorkToMake>56000</WorkToMake>
			<Mass>7.5</Mass>
			<AccuracyTouch>0.57</AccuracyTouch>
			<AccuracyShort>0.69</AccuracyShort>
			<AccuracyMedium>0.53</AccuracyMedium>
			<AccuracyLong>0.17</AccuracyLong>
			<RangedWeapon_Cooldown>2.2</RangedWeapon_Cooldown>
		</statBases>
		<costList>
			<Steel>50</Steel>
			<Plasteel>40</Plasteel>
			<Component>8</Component>
		</costList>
		<generateCommonality>0.24</generateCommonality>
		<verbs>
			<li>
				<verbClass>Verb_Shoot</verbClass>
				<hasStandardCommand>true</hasStandardCommand>
				<projectileDef>Bullet_LMG</projectileDef>
				<warmupTime>1.2</warmupTime>
				<range>32</range>
				<ticksBetweenBurstShots>9</ticksBetweenBurstShots>
				<burstShotCount>5</burstShotCount>
				<soundCast>ShotChargeRifle</soundCast>
				<soundCastTail>GunTail_Medium</soundCastTail>
				<muzzleFlashScale>9</muzzleFlashScale>
			</li>
		</verbs>
		<weaponTags>
			<li>EliteGun</li>
			<li>AdvancedGun</li>
		</weaponTags>
	</ThingDef>
	
	<!-- Laser Sniper -->

  <ThingDef ParentName="BaseBullet">
    <defName>Bullet_ChargeRifle</defName>
	<label>charge shot</label>
	<graphicData>
		<texPath>Things/Projectile/Charge_Small</texPath>
		<graphicClass>Graphic_Single</graphicClass>
	</graphicData>
	<projectile>
	  <damageDef>Bullet</damageDef>
      <damageAmountBase>50</damageAmountBase>
      <speed>100</speed>
    </projectile>
  </ThingDef>
  <ThingDef ParentName="BaseHumanMakeableGun">
    <defName>Gun_LaserSniper</defName>
    <label>laser sniper rifle</label>
    <description>High damage and light weight makes for a brutal combination. Technically bolt action. Prefered gun of any respectable contract killer.</description>
    <graphicData>
      <texPath>Things/Weapon/LaserSniper4</texPath>
      <graphicClass>Graphic_Single</graphicClass>
    </graphicData>
    <soundInteract>InteractRifle</soundInteract>
    <statBases>
      <WorkToMake>75000</WorkToMake>
      <Mass>3.2</Mass>
      <AccuracyTouch>0.40</AccuracyTouch>
      <AccuracyShort>0.80</AccuracyShort>
      <AccuracyMedium>0.86</AccuracyMedium>
      <AccuracyLong>0.82</AccuracyLong>
      <RangedWeapon_Cooldown>2.1</RangedWeapon_Cooldown>
    </statBases>
	<recipeMaker>
		<researchPrerequisite>ChargedShot</researchPrerequisite>
	</recipeMaker>
    <costList>
      <Steel>90</Steel>
	  <Plasteel>30</Plasteel>
      <Component>12</Component>
    </costList>
	<generateCommonality>0.12</generateCommonality>
    <verbs>
      <li>
        <verbClass>Verb_Shoot</verbClass>
        <hasStandardCommand>true</hasStandardCommand>
        <projectileDef>Bullet_ChargeRifle</projectileDef>
        <warmupTime>2.8</warmupTime>
        <range>52</range>
        <soundCast>ShotChargeRifle</soundCast>
        <soundCastTail>GunTail_Heavy</soundCastTail>
        <muzzleFlashScale>12</muzzleFlashScale>
      </li>
    </verbs>
    <weaponTags>
      <li>SniperRifle</li>
	  <li>AdvancedGun</li>
    </weaponTags>
  </ThingDef>

  <!-- Laser Minigun -->

  <ThingDef ParentName="BaseBullet">
    <defName>Bullet_LaserMinigun</defName>
    <label>minigun laser</label>
    <graphicData>
      <texPath>Things/Projectile/Charge_Small</texPath>
      <graphicClass>Graphic_Single</graphicClass>
    </graphicData>
    <projectile>
      <damageDef>Bullet</damageDef>
      <damageAmountBase>3</damageAmountBase>
      <speed>70</speed>
    </projectile>
  </ThingDef>
  <ThingDef ParentName="BaseHumanMakeableGun">
    <defName>Gun_LaserMinigun</defName>
    <label>laser minigun</label>
    <description>A laser minigun with an ludicrously high magazine capacity but a high charge time. Popular with bounty hunters. The main downside is identifing the bodies.  </description>
    <graphicData>
      <texPath>Things/Weapon/LaserMinigun</texPath>
      <graphicClass>Graphic_Single</graphicClass>
    </graphicData>
    <soundInteract>InteractRifle</soundInteract>
    <statBases>
      <WorkToMake>220000</WorkToMake>
      <Mass>14</Mass>
      <AccuracyTouch>0.60</AccuracyTouch>
      <AccuracyShort>0.48</AccuracyShort>
      <AccuracyMedium>0.20</AccuracyMedium>
      <AccuracyLong>0.08</AccuracyLong>
      <RangedWeapon_Cooldown>2</RangedWeapon_Cooldown>
    </statBases>
    <costList>
      <Steel>220</Steel>
	  <Plasteel>64</Plasteel>
      <Component>20</Component>
    </costList>
	<generateCommonality>0.03</generateCommonality>
	<recipeMaker>
      <researchPrerequisite>MultibarrelWeapons</researchPrerequisite>
	  <researchPrerequisite>ChargedShot</researchPrerequisite>
    </recipeMaker>
    <techLevel>Industrial</techLevel>
    <weaponTags>
      <li>MechanoidGunHeavy</li>
      <li>GunHeavy</li>
	  <li>AdvancedGun</li>
    </weaponTags>
    <equippedStatOffsets>
      <MoveSpeed>-0.36</MoveSpeed>
    </equippedStatOffsets>
    <verbs>
      <li>
        <verbClass>Verb_Shoot</verbClass>
        <hasStandardCommand>true</hasStandardCommand>
        <projectileDef>Bullet_Minigun</projectileDef>
        <forcedMissRadius>2.8</forcedMissRadius>
        <warmupTime>7.0</warmupTime>
        <range>32</range>
        <burstShotCount>60</burstShotCount>
        <ticksBetweenBurstShots>3</ticksBetweenBurstShots>
        <soundCast>ShotChargeRifle</soundCast>
        <soundCastTail>GunTail_Medium</soundCastTail>
        <muzzleFlashScale>9</muzzleFlashScale>
      </li>
    </verbs>
  </ThingDef>
  
  <!-- Potato Launcher -->

  <ThingDef ParentName="BaseBullet">
    <defName>Potato</defName>
    <label>potato</label>
    <graphicData>
      <texPath>Things/Projectiles/Potato</texPath>
      <graphicClass>Graphic_Single</graphicClass>
    </graphicData>
    <projectile>
      <damageDef>Bullet</damageDef>
      <damageAmountBase>0</damageAmountBase>
      <speed>60</speed>
    </projectile>
  </ThingDef>
  <ThingDef ParentName="BaseHumanMakeableGun">
    <defName>Gun_PotatoLauncher</defName>
    <label>potato launcher</label>
    <description>Potato Launcher.</description>
    <graphicData>
      <texPath>Things/Weapon/PotLaunch</texPath>
      <graphicClass>Graphic_Single</graphicClass>
    </graphicData>
    <soundInteract>InteractRifle</soundInteract>
    <statBases>
      <WorkToMake>100000</WorkToMake>
      <Mass>14</Mass>
      <AccuracyTouch>0.75</AccuracyTouch>
      <AccuracyShort>0.64</AccuracyShort>
      <AccuracyMedium>0.33</AccuracyMedium>
      <AccuracyLong>0.15</AccuracyLong>
      <RangedWeapon_Cooldown>2</RangedWeapon_Cooldown>
    </statBases>
    <costList>
      <Steel>220</Steel>
	  <Plasteel>64</Plasteel>
	  <RawPotatoes>75</RawPotatoes>
      <Component>8</Component>
    </costList>
	<generateCommonality>0.01</generateCommonality>
	<recipeMaker>
		<researchPrerequisite>MultibarrelWeapons</researchPrerequisite>
	</recipeMaker>
    <techLevel>Industrial</techLevel>
    <equippedStatOffsets>
      <MoveSpeed>-0.18</MoveSpeed>
    </equippedStatOffsets>
    <verbs>
      <li>
        <verbClass>Verb_Shoot</verbClass>
        <hasStandardCommand>true</hasStandardCommand>
        <projectileDef>Potato</projectileDef>
        <forcedMissRadius>2.0</forcedMissRadius>
        <warmupTime>1.6</warmupTime>
        <range>40</range>
        <burstShotCount>75</burstShotCount>
        <ticksBetweenBurstShots>2</ticksBetweenBurstShots>
        <soundCast>InfernoCannon_Fire</soundCast>
        <soundCastTail>GunTail_Heavy</soundCastTail>
        <muzzleFlashScale>0</muzzleFlashScale>
      </li>
    </verbs>
  </ThingDef>
  
</ThingDefs>